[
  {
    "nombre": "NGC 2403",
    "L0": 21000000000.0,
    "Rd": 4.3,
    "r": [
      0.5,
      1.0,
      1.5,
      2.0,
      2.5,
      3.0
    ],
    "v": [
      60,
      80,
      100,
      110,
      120,
      125
    ],
    "s": [
      5,
      5,
      5,
      5,
      5,
      5
    ]
  },
  {
    "nombre": "NGC 3198",
    "L0": 64000000000.0,
    "Rd": 4.3,
    "r": [
      0.5,
      1.0,
      1.5,
      2.0,
      2.5,
      3.0
    ],
    "v": [
      70,
      90,
      110,
      120,
      130,
      135
    ],
    "s": [
      6,
      6,
      6,
      6,
      6,
      6
    ]
  },
  {
    "nombre": "UGC 2885",
    "L0": 100000000000.0,
    "Rd": 4.3,
    "r": [
      0.5,
      1.0,
      1.5,
      2.0,
      2.5,
      3.0
    ],
    "v": [
      50,
      70,
      90,
      100,
      110,
      115
    ],
    "s": [
      4,
      4,
      4,
      4,
      4,
      4
    ]
  },
  {
    "nombre": "NGC 7331",
    "L0": 35000000000.0,
    "Rd": 4.5,
    "r": [
      0.5,
      1.0,
      1.5,
      2.0,
      2.5,
      3.0
    ],
    "v": [
      80,
      100,
      120,
      130,
      140,
      145
    ],
    "s": [
      7,
      7,
      7,
      7,
      7,
      7
    ]
  },
  {
    "nombre": "NGC 6503",
    "L0": 12000000000.0,
    "Rd": 4.0,
    "r": [
      0.5,
      1.0,
      1.5,
      2.0,
      2.5,
      3.0
    ],
    "v": [
      50,
      70,
      90,
      100,
      110,
      115
    ],
    "s": [
      5,
      5,
      5,
      5,
      5,
      5
    ]
  }
]